<?xml version="1.0" encoding="UTF-8"?>
<GenRun Id="blk_mem_frequencies_step_synth_1" LaunchPart="xc7a35tcpg236-1" LaunchTime="1699238153">
  <File Type="PA-TCL" Name="blk_mem_frequencies_step.tcl"/>
  <File Type="REPORTS-TCL" Name="blk_mem_frequencies_step_reports.tcl"/>
  <File Type="RDS-RDS" Name="blk_mem_frequencies_step.vds"/>
  <File Type="RDS-UTIL" Name="blk_mem_frequencies_step_utilization_synth.rpt"/>
  <File Type="RDS-UTIL-PB" Name="blk_mem_frequencies_step_utilization_synth.pb"/>
  <File Type="RDS-DCP" Name="blk_mem_frequencies_step.dcp"/>
  <FileSet Name="sources" Type="BlockSrcs" RelSrcDir="$PSRCDIR/blk_mem_frequencies_step">
    <File Path="$PSRCDIR/sources_1/ip/blk_mem_frequencies_step/blk_mem_frequencies_step.xci">
      <FileInfo>
        <Attr Name="UsedIn" Val="synthesis"/>
        <Attr Name="UsedIn" Val="implementation"/>
        <Attr Name="UsedIn" Val="simulation"/>
      </FileInfo>
    </File>
    <Config>
      <Option Name="TopModule" Val="blk_mem_frequencies_step"/>
      <Option Name="UseBlackboxStub" Val="1"/>
    </Config>
  </FileSet>
  <FileSet Name="constrs_in" Type="BlockSrcs" RelSrcDir="$PSRCDIR/blk_mem_frequencies_step">
    <File Path="$PSRCDIR/sources_1/ip/blk_mem_frequencies_step/blk_mem_frequencies_step.xci">
      <FileInfo>
        <Attr Name="UsedIn" Val="synthesis"/>
        <Attr Name="UsedIn" Val="implementation"/>
        <Attr Name="UsedIn" Val="simulation"/>
      </FileInfo>
    </File>
    <Config>
      <Option Name="TopModule" Val="blk_mem_frequencies_step"/>
      <Option Name="UseBlackboxStub" Val="1"/>
    </Config>
  </FileSet>
  <FileSet Name="utils" Type="Utils" RelSrcDir="$PSRCDIR/utils_1">
    <Filter Type="Utils"/>
    <Config>
      <Option Name="TopAutoSet" Val="TRUE"/>
    </Config>
  </FileSet>
  <Strategy Version="1" Minor="2">
    <StratHandle Name="Vivado Synthesis Defaults" Flow="Vivado Synthesis 2020"/>
    <Step Id="synth_design"/>
  </Strategy>
</GenRun>
