<?xml version="1.0" encoding="UTF-8"?>
<GenRun Id="blk_quarter_sine_synth_1" LaunchPart="xc7a35tcpg236-1" LaunchTime="1698681058">
  <File Type="PA-TCL" Name="blk_quarter_sine.tcl"/>
  <File Type="REPORTS-TCL" Name="blk_quarter_sine_reports.tcl"/>
  <File Type="RDS-RDS" Name="blk_quarter_sine.vds"/>
  <File Type="RDS-DCP" Name="blk_quarter_sine.dcp"/>
  <FileSet Name="sources" Type="BlockSrcs" RelSrcDir="$PSRCDIR/blk_quarter_sine">
    <File Path="$PSRCDIR/sources_1/ip/blk_quarter_sine_1/blk_quarter_sine.xci">
      <FileInfo>
        <Attr Name="UsedIn" Val="synthesis"/>
        <Attr Name="UsedIn" Val="implementation"/>
        <Attr Name="UsedIn" Val="simulation"/>
      </FileInfo>
    </File>
    <Config>
      <Option Name="TopModule" Val="blk_quarter_sine"/>
      <Option Name="UseBlackboxStub" Val="1"/>
    </Config>
  </FileSet>
  <FileSet Name="constrs_in" Type="BlockSrcs" RelSrcDir="$PSRCDIR/blk_quarter_sine">
    <File Path="$PSRCDIR/sources_1/ip/blk_quarter_sine_1/blk_quarter_sine.xci">
      <FileInfo>
        <Attr Name="UsedIn" Val="synthesis"/>
        <Attr Name="UsedIn" Val="implementation"/>
        <Attr Name="UsedIn" Val="simulation"/>
      </FileInfo>
    </File>
    <Config>
      <Option Name="TopModule" Val="blk_quarter_sine"/>
      <Option Name="UseBlackboxStub" Val="1"/>
    </Config>
  </FileSet>
  <FileSet Name="utils" Type="Utils" RelSrcDir="$PSRCDIR/utils_1">
    <Filter Type="Utils"/>
    <Config>
      <Option Name="TopAutoSet" Val="TRUE"/>
    </Config>
  </FileSet>
  <Strategy Version="1" Minor="2">
    <StratHandle Name="Vivado Synthesis Defaults" Flow="Vivado Synthesis 2020"/>
    <Step Id="synth_design"/>
  </Strategy>
</GenRun>
